-- 字典
DELETE FROM SYS_DICT WHERE DICT_ID BETWEEN 10 AND 99;
DELETE FROM SYS_DICT_OPT WHERE DICT_ID BETWEEN 10 AND 99;

INSERT INTO SYS_DICT (DICT_ID,DICT_TYPE,DICT_NAME,DICT_ORDER) VALUES (10,99,'字典类型',10);
INSERT INTO SYS_DICT_OPT (DICT_ID,DICT_OPT_ID,DICT_OPT_NAME,DICT_OPT_CODE,DICT_OPT_ORDER) VALUES (10,10,'应用字典','应用字典',10);
INSERT INTO SYS_DICT_OPT (DICT_ID,DICT_OPT_ID,DICT_OPT_NAME,DICT_OPT_CODE,DICT_OPT_ORDER) VALUES (10,99,'系统字典','系统字典',99);

-- 角色
DELETE FROM SYS_ROLE WHERE ROLE_ID BETWEEN 100 AND 999;
DELETE FROM SYS_ROLE_MENU WHERE ROLE_ID BETWEEN 100 AND 999;
DELETE FROM SYS_ROLE_USER WHERE ROLE_ID BETWEEN 100 AND 999;
INSERT INTO SYS_ROLE (ROLE_ID,ROLE_NAME) VALUES (100,'管理员');

-- 用户
DELETE FROM SYS_USER WHERE USER_ID BETWEEN 100 AND 999;
INSERT INTO SYS_USER (USER_ID,DPT_ID,USER_NAME,USERNAME,PASSWORD) VALUES (100,0,'管理员','admin','$2a$10$L5J.1cnzzIsoErjobGj75uoEj3bYTrKDi.8chOYCaEkYkAUp9.G.K');
INSERT INTO SYS_ROLE_USER (ROLE_ID,USER_ID) VALUES (100,100);

-- 菜单
DELETE FROM SYS_MENU WHERE MENU_ID BETWEEN 990000 AND 999999;
DELETE FROM SYS_ROLE_MENU WHERE MENU_ID BETWEEN 990000 AND 999999;

INSERT INTO SYS_MENU (MENU_ID,MENU_PID,MENU_ORDER,MENU_NAME,MENU_MAT_ICON,MENU_ANTD_ICON,MENU_URL) VALUES (990000,0,'99','系统管理','settings','setting',NULL);
INSERT INTO SYS_MENU (MENU_ID,MENU_PID,MENU_ORDER,MENU_NAME,MENU_MAT_ICON,MENU_ANTD_ICON,MENU_URL) VALUES (991100,990000,'9911','字典管理','list','profile','/engine/dict-manage');
INSERT INTO SYS_MENU (MENU_ID,MENU_PID,MENU_ORDER,MENU_NAME,MENU_MAT_ICON,MENU_ANTD_ICON,MENU_URL) VALUES (991300,990000,'9913','部门管理','work','gold','/engine/dpt-manage');
INSERT INTO SYS_MENU (MENU_ID,MENU_PID,MENU_ORDER,MENU_NAME,MENU_MAT_ICON,MENU_ANTD_ICON,MENU_URL) VALUES (991400,990000,'9914','用户管理','group','user','/engine/user-manage');
INSERT INTO SYS_MENU (MENU_ID,MENU_PID,MENU_ORDER,MENU_NAME,MENU_MAT_ICON,MENU_ANTD_ICON,MENU_URL) VALUES (991500,990000,'9915','菜单管理','menu','menu','/engine/menu-manage');
INSERT INTO SYS_MENU (MENU_ID,MENU_PID,MENU_ORDER,MENU_NAME,MENU_MAT_ICON,MENU_ANTD_ICON,MENU_URL) VALUES (991600,990000,'9916','角色管理','assignment','robot','/engine/role-manage');
INSERT INTO SYS_MENU (MENU_ID,MENU_PID,MENU_ORDER,MENU_NAME,MENU_MAT_ICON,MENU_ANTD_ICON,MENU_URL) VALUES (992100,990000,'9921','通知管理','feedback','bell','/engine/notice-manage');
INSERT INTO SYS_MENU (MENU_ID,MENU_PID,MENU_ORDER,MENU_NAME,MENU_MAT_ICON,MENU_ANTD_ICON,MENU_URL) VALUES (999000,990000,'9990','访问日志','multiline_chart','line-chart','/engine/access-log');

INSERT INTO SYS_ROLE_MENU (ROLE_ID,MENU_ID) VALUES (100,990000);
INSERT INTO SYS_ROLE_MENU (ROLE_ID,MENU_ID) VALUES (100,991100);
INSERT INTO SYS_ROLE_MENU (ROLE_ID,MENU_ID) VALUES (100,991300);
INSERT INTO SYS_ROLE_MENU (ROLE_ID,MENU_ID) VALUES (100,991400);
INSERT INTO SYS_ROLE_MENU (ROLE_ID,MENU_ID) VALUES (100,991500);
INSERT INTO SYS_ROLE_MENU (ROLE_ID,MENU_ID) VALUES (100,991600);
INSERT INTO SYS_ROLE_MENU (ROLE_ID,MENU_ID) VALUES (100,992100);
INSERT INTO SYS_ROLE_MENU (ROLE_ID,MENU_ID) VALUES (100,999000);

-- 功能
INSERT INTO SYS_MENU (MENU_ID,MENU_PID,MENU_ORDER,MENU_NAME,MENU_MAT_ICON,MENU_ANTD_ICON,MENU_URL) VALUES (991101,991100,'991101','字典列表','list','bars','/engine/dict-manage/list');
INSERT INTO SYS_MENU (MENU_ID,MENU_PID,MENU_ORDER,MENU_NAME,MENU_MAT_ICON,MENU_ANTD_ICON,MENU_URL) VALUES (991102,991100,'991102','字典查看','search','search','/engine/dict-manage/info');
INSERT INTO SYS_MENU (MENU_ID,MENU_PID,MENU_ORDER,MENU_NAME,MENU_MAT_ICON,MENU_ANTD_ICON,MENU_URL) VALUES (991103,991100,'991103','字典新增','add','plus','/engine/dict-manage/add');
INSERT INTO SYS_MENU (MENU_ID,MENU_PID,MENU_ORDER,MENU_NAME,MENU_MAT_ICON,MENU_ANTD_ICON,MENU_URL) VALUES (991104,991100,'991104','字典修改','edit','edit','/engine/dict-manage/edit');
INSERT INTO SYS_MENU (MENU_ID,MENU_PID,MENU_ORDER,MENU_NAME,MENU_MAT_ICON,MENU_ANTD_ICON,MENU_URL) VALUES (991105,991100,'991105','字典删除','delete','delete','/engine/dict-manage/delete');
INSERT INTO SYS_MENU (MENU_ID,MENU_PID,MENU_ORDER,MENU_NAME,MENU_MAT_ICON,MENU_ANTD_ICON,MENU_URL) VALUES (991301,991300,'991301','部门列表','list','bars','/engine/dpt-manage/list');
INSERT INTO SYS_MENU (MENU_ID,MENU_PID,MENU_ORDER,MENU_NAME,MENU_MAT_ICON,MENU_ANTD_ICON,MENU_URL) VALUES (991302,991300,'991302','部门查看','search','search','/engine/dpt-manage/info');
INSERT INTO SYS_MENU (MENU_ID,MENU_PID,MENU_ORDER,MENU_NAME,MENU_MAT_ICON,MENU_ANTD_ICON,MENU_URL) VALUES (991303,991300,'991303','部门新增','add','plus','/engine/dpt-manage/add');
INSERT INTO SYS_MENU (MENU_ID,MENU_PID,MENU_ORDER,MENU_NAME,MENU_MAT_ICON,MENU_ANTD_ICON,MENU_URL) VALUES (991304,991300,'991304','部门修改','edit','edit','/engine/dpt-manage/edit');
INSERT INTO SYS_MENU (MENU_ID,MENU_PID,MENU_ORDER,MENU_NAME,MENU_MAT_ICON,MENU_ANTD_ICON,MENU_URL) VALUES (991305,991300,'991305','部门删除','delete','delete','/engine/dpt-manage/delete');
INSERT INTO SYS_MENU (MENU_ID,MENU_PID,MENU_ORDER,MENU_NAME,MENU_MAT_ICON,MENU_ANTD_ICON,MENU_URL) VALUES (991401,991400,'991401','用户列表','list','bars','/engine/user-manage/list');
INSERT INTO SYS_MENU (MENU_ID,MENU_PID,MENU_ORDER,MENU_NAME,MENU_MAT_ICON,MENU_ANTD_ICON,MENU_URL) VALUES (991402,991400,'991402','用户查看','search','search','/engine/user-manage/info');
INSERT INTO SYS_MENU (MENU_ID,MENU_PID,MENU_ORDER,MENU_NAME,MENU_MAT_ICON,MENU_ANTD_ICON,MENU_URL) VALUES (991403,991400,'991403','用户新增','add','plus','/engine/user-manage/add');
INSERT INTO SYS_MENU (MENU_ID,MENU_PID,MENU_ORDER,MENU_NAME,MENU_MAT_ICON,MENU_ANTD_ICON,MENU_URL) VALUES (991404,991400,'991404','用户修改','edit','edit','/engine/user-manage/edit');
INSERT INTO SYS_MENU (MENU_ID,MENU_PID,MENU_ORDER,MENU_NAME,MENU_MAT_ICON,MENU_ANTD_ICON,MENU_URL) VALUES (991405,991400,'991405','用户删除','delete','delete','/engine/user-manage/delete');
INSERT INTO SYS_MENU (MENU_ID,MENU_PID,MENU_ORDER,MENU_NAME,MENU_MAT_ICON,MENU_ANTD_ICON,MENU_URL) VALUES (991501,991500,'991501','菜单列表','list','bars','/engine/menu-manage/list');
INSERT INTO SYS_MENU (MENU_ID,MENU_PID,MENU_ORDER,MENU_NAME,MENU_MAT_ICON,MENU_ANTD_ICON,MENU_URL) VALUES (991502,991500,'991502','菜单查看','search','search','/engine/menu-manage/info');
INSERT INTO SYS_MENU (MENU_ID,MENU_PID,MENU_ORDER,MENU_NAME,MENU_MAT_ICON,MENU_ANTD_ICON,MENU_URL) VALUES (991503,991500,'991503','菜单新增','add','plus','/engine/menu-manage/add');
INSERT INTO SYS_MENU (MENU_ID,MENU_PID,MENU_ORDER,MENU_NAME,MENU_MAT_ICON,MENU_ANTD_ICON,MENU_URL) VALUES (991504,991500,'991504','菜单修改','edit','edit','/engine/menu-manage/edit');
INSERT INTO SYS_MENU (MENU_ID,MENU_PID,MENU_ORDER,MENU_NAME,MENU_MAT_ICON,MENU_ANTD_ICON,MENU_URL) VALUES (991505,991500,'991505','菜单删除','delete','delete','/engine/menu-manage/delete');
INSERT INTO SYS_MENU (MENU_ID,MENU_PID,MENU_ORDER,MENU_NAME,MENU_MAT_ICON,MENU_ANTD_ICON,MENU_URL) VALUES (991601,991600,'991601','角色列表','list','bars','/engine/role-manage/list');
INSERT INTO SYS_MENU (MENU_ID,MENU_PID,MENU_ORDER,MENU_NAME,MENU_MAT_ICON,MENU_ANTD_ICON,MENU_URL) VALUES (991602,991600,'991602','角色查看','search','search','/engine/role-manage/info');
INSERT INTO SYS_MENU (MENU_ID,MENU_PID,MENU_ORDER,MENU_NAME,MENU_MAT_ICON,MENU_ANTD_ICON,MENU_URL) VALUES (991603,991600,'991603','角色新增','add','plus','/engine/role-manage/add');
INSERT INTO SYS_MENU (MENU_ID,MENU_PID,MENU_ORDER,MENU_NAME,MENU_MAT_ICON,MENU_ANTD_ICON,MENU_URL) VALUES (991604,991600,'991604','角色修改','edit','edit','/engine/role-manage/edit');
INSERT INTO SYS_MENU (MENU_ID,MENU_PID,MENU_ORDER,MENU_NAME,MENU_MAT_ICON,MENU_ANTD_ICON,MENU_URL) VALUES (991605,991600,'991605','角色删除','delete','delete','/engine/role-manage/delete');
INSERT INTO SYS_MENU (MENU_ID,MENU_PID,MENU_ORDER,MENU_NAME,MENU_MAT_ICON,MENU_ANTD_ICON,MENU_URL) VALUES (992101,992100,'992101','通知列表','list','bars','/engine/notice-manage/list');
INSERT INTO SYS_MENU (MENU_ID,MENU_PID,MENU_ORDER,MENU_NAME,MENU_MAT_ICON,MENU_ANTD_ICON,MENU_URL) VALUES (992102,992100,'992102','通知查看','search','search','/engine/notice-manage/info');
INSERT INTO SYS_MENU (MENU_ID,MENU_PID,MENU_ORDER,MENU_NAME,MENU_MAT_ICON,MENU_ANTD_ICON,MENU_URL) VALUES (992103,992100,'992103','通知新增','add','plus','/engine/notice-manage/add');
INSERT INTO SYS_MENU (MENU_ID,MENU_PID,MENU_ORDER,MENU_NAME,MENU_MAT_ICON,MENU_ANTD_ICON,MENU_URL) VALUES (992104,992100,'992104','通知修改','edit','edit','/engine/notice-manage/edit');
INSERT INTO SYS_MENU (MENU_ID,MENU_PID,MENU_ORDER,MENU_NAME,MENU_MAT_ICON,MENU_ANTD_ICON,MENU_URL) VALUES (992105,992100,'992105','通知删除','delete','delete','/engine/notice-manage/delete');

INSERT INTO SYS_ROLE_MENU (ROLE_ID,MENU_ID) VALUES (100,991101);
INSERT INTO SYS_ROLE_MENU (ROLE_ID,MENU_ID) VALUES (100,991102);
INSERT INTO SYS_ROLE_MENU (ROLE_ID,MENU_ID) VALUES (100,991103);
INSERT INTO SYS_ROLE_MENU (ROLE_ID,MENU_ID) VALUES (100,991104);
INSERT INTO SYS_ROLE_MENU (ROLE_ID,MENU_ID) VALUES (100,991105);
INSERT INTO SYS_ROLE_MENU (ROLE_ID,MENU_ID) VALUES (100,991301);
INSERT INTO SYS_ROLE_MENU (ROLE_ID,MENU_ID) VALUES (100,991302);
INSERT INTO SYS_ROLE_MENU (ROLE_ID,MENU_ID) VALUES (100,991303);
INSERT INTO SYS_ROLE_MENU (ROLE_ID,MENU_ID) VALUES (100,991304);
INSERT INTO SYS_ROLE_MENU (ROLE_ID,MENU_ID) VALUES (100,991305);
INSERT INTO SYS_ROLE_MENU (ROLE_ID,MENU_ID) VALUES (100,991401);
INSERT INTO SYS_ROLE_MENU (ROLE_ID,MENU_ID) VALUES (100,991402);
INSERT INTO SYS_ROLE_MENU (ROLE_ID,MENU_ID) VALUES (100,991403);
INSERT INTO SYS_ROLE_MENU (ROLE_ID,MENU_ID) VALUES (100,991404);
INSERT INTO SYS_ROLE_MENU (ROLE_ID,MENU_ID) VALUES (100,991405);
INSERT INTO SYS_ROLE_MENU (ROLE_ID,MENU_ID) VALUES (100,991501);
INSERT INTO SYS_ROLE_MENU (ROLE_ID,MENU_ID) VALUES (100,991502);
INSERT INTO SYS_ROLE_MENU (ROLE_ID,MENU_ID) VALUES (100,991503);
INSERT INTO SYS_ROLE_MENU (ROLE_ID,MENU_ID) VALUES (100,991504);
INSERT INTO SYS_ROLE_MENU (ROLE_ID,MENU_ID) VALUES (100,991505);
INSERT INTO SYS_ROLE_MENU (ROLE_ID,MENU_ID) VALUES (100,991601);
INSERT INTO SYS_ROLE_MENU (ROLE_ID,MENU_ID) VALUES (100,991602);
INSERT INTO SYS_ROLE_MENU (ROLE_ID,MENU_ID) VALUES (100,991603);
INSERT INTO SYS_ROLE_MENU (ROLE_ID,MENU_ID) VALUES (100,991604);
INSERT INTO SYS_ROLE_MENU (ROLE_ID,MENU_ID) VALUES (100,991605);
INSERT INTO SYS_ROLE_MENU (ROLE_ID,MENU_ID) VALUES (100,992101);
INSERT INTO SYS_ROLE_MENU (ROLE_ID,MENU_ID) VALUES (100,992102);
INSERT INTO SYS_ROLE_MENU (ROLE_ID,MENU_ID) VALUES (100,992103);
INSERT INTO SYS_ROLE_MENU (ROLE_ID,MENU_ID) VALUES (100,992104);
INSERT INTO SYS_ROLE_MENU (ROLE_ID,MENU_ID) VALUES (100,992105);
